timestamp_utc,da_price_eur_mwh,load_da_forecast_mw,wind_onshore_da_forecast_mw,wind_offshore_da_forecast_mw,solar_da_forecast_mw,timestamp_local,date_local,hour_local,day_of_week,month,is_weekend,wind_total_da_forecast_mw,renewables_da_forecast_mw,residual_load_da_forecast_mw,price_lag_24,price_lag_48,price_lag_168,price_lag_72,price_lag_336,price_roll_24_mean,price_roll_168_mean,price_roll_24_std,price_roll_168_std,hour_sin,hour_cos,dow_sin,dow_cos,residual_load_lag_24,residual_load_ramp_1h,residual_load_ramp_24h,renewable_share_forecast,solar_x_hour,residual_x_peak,y_pred,baseline_lag_24h,selected_model,id
2025-12-30 23:00:00+00:00,88.0825,47644.275,14373.625,5468.95,0.0,2025-12-31 00:00:00+01:00,2025-12-31,0,2,12,0,19842.575,19842.575,27801.7,77.8625,89.88,60.2475,84.33500000000001,89.0025,87.75999999999999,86.14139880952382,13.519449134161187,16.646033348825263,0.0,1.0,0.9749279121818236,-0.22252093395631434,23751.675000000003,-3678.725000000002,4050.024999999998,0.41647343778449775,0.0,0.0,84.04772142034454,77.8625,hist_gradient_boosting_absolute_error,2025-12-31 00:00:00+01:00
2025-12-31 00:00:00+00:00,84.3375,46168.025,14934.75,5716.45,0.0,2025-12-31 01:00:00+01:00,2025-12-31,1,2,12,0,20651.2,20651.2,25516.825,73.215,84.98249999999999,55.8625,83.37,89.79,88.18583333333333,86.30708333333334,13.354087626657499,16.52484307105453,0.25881904510252074,0.9659258262890683,0.9749279121818236,-0.22252093395631434,22465.524999999998,-2284.875,3051.300000000003,0.44730525076608757,0.0,0.0,81.78053978950301,73.215,hist_gradient_boosting_absolute_error,2025-12-31 01:00:00+01:00
2025-12-31 01:00:00+00:00,80.2125,45496.625,15503.35,5955.575,0.0,2025-12-31 02:00:00+01:00,2025-12-31,2,2,12,0,21458.925,21458.925,24037.7,71.855,84.1825,56.8,79.96000000000001,86.4925,88.64927083333333,86.47657738095238,13.000263092632974,16.35587453191,0.49999999999999994,0.8660254037844387,0.9749279121818236,-0.22252093395631434,21823.074999999997,-1479.125,2214.6250000000036,0.4716597110225209,0.0,0.0,77.47092918902032,71.855,hist_gradient_boosting_absolute_error,2025-12-31 02:00:00+01:00
2025-12-31 02:00:00+00:00,76.58,45733.375,16974.0,6074.1,0.0,2025-12-31 03:00:00+01:00,2025-12-31,3,2,12,0,23048.1,23048.1,22685.275,69.3575,82.19,55.84,78.8175,85.025,88.9975,86.6159375,12.63772574304367,16.200506413704073,0.7071067811865475,0.7071067811865476,0.9749279121818236,-0.22252093395631434,21785.925000000003,-1352.4249999999993,899.3499999999985,0.5039667420128079,0.0,0.0,76.08203024268148,69.3575,hist_gradient_boosting_absolute_error,2025-12-31 03:00:00+01:00
2025-12-31 03:00:00+00:00,74.9325,46574.075,19135.05,5929.175,0.0,2025-12-31 04:00:00+01:00,2025-12-31,4,2,12,0,25064.225,25064.225,21509.85,68.5375,83.6225,55.8475,80.4475,88.0775,89.29843749999999,86.73938988095239,12.229098868563257,16.04283589550681,0.8660254037844386,0.5000000000000001,0.9749279121818236,-0.22252093395631434,22536.575000000004,-1175.425000000003,-1026.7250000000058,0.5381582994401929,0.0,0.0,71.91987415519571,68.5375,hist_gradient_boosting_absolute_error,2025-12-31 04:00:00+01:00
2025-12-31 04:00:00+00:00,77.3775,47514.65,20914.975,5753.2,0.0,2025-12-31 05:00:00+01:00,2025-12-31,5,2,12,0,26668.175,26668.175,20846.475000000002,71.99,90.7925,55.85,83.61,90.4975,89.56489583333332,86.85299107142858,11.819897361223095,15.889616834529043,0.9659258262890683,0.25881904510252074,0.9749279121818236,-0.22252093395631434,25382.925,-663.3749999999964,-4536.449999999997,0.5612621580922936,0.0,0.0,71.69393463626547,71.99,hist_gradient_boosting_absolute_error,2025-12-31 05:00:00+01:00
2025-12-31 05:00:00+00:00,81.86749999999999,50203.675,22310.65,5688.85,0.0,2025-12-31 06:00:00+01:00,2025-12-31,6,2,12,0,27999.5,27999.5,22204.175000000003,80.02,96.3325,57.214999999999996,86.47749999999999,95.4875,89.789375,86.98113095238095,11.518936517982096,15.724040122855499,1.0,6.123233995736766e-17,0.9749279121818236,-0.22252093395631434,30347.025000000005,1357.7000000000007,-8142.850000000002,0.557718135176359,0.0,0.0,73.09696546441985,80.02,hist_gradient_boosting_absolute_error,2025-12-31 06:00:00+01:00
2025-12-31 06:00:00+00:00,85.2825,53913.175,22766.95,5694.1,0.0,2025-12-31 07:00:00+01:00,2025-12-31,7,2,12,0,28461.050000000003,28461.050000000003,25452.125,87.97,104.7175,67.44500000000001,92.15,108.825,89.86635416666667,87.12787202380953,11.456816581590038,15.55875424979153,0.9659258262890683,-0.25881904510252063,0.9749279121818236,-0.22252093395631434,36283.549999999996,3247.949999999997,-10831.424999999996,0.5279052847471885,0.0,0.0,79.3724203306342,87.97,hist_gradient_boosting_absolute_error,2025-12-31 07:00:00+01:00
2025-12-31 07:00:00+00:00,95.7925,56624.55,23328.9,5728.925,529.675,2025-12-31 08:00:00+01:00,2025-12-31,8,2,12,0,29057.825,29587.5,27037.050000000003,94.8775,113.8775,81.0,97.3625,133.46,89.754375,87.23404761904762,11.489245402477268,15.484315666100494,0.8660254037844387,-0.49999999999999983,0.9749279121818236,-0.22252093395631434,39414.425,1584.925000000003,-12377.375,0.5225207087738445,458.7120057495225,27037.050000000003,84.98514011286252,94.8775,hist_gradient_boosting_absolute_error,2025-12-31 08:00:00+01:00
2025-12-31 08:00:00+00:00,95.33500000000001,58560.95,23905.65,5776.125,3204.95,2025-12-31 09:00:00+01:00,2025-12-31,9,2,12,0,29681.775,32886.725,25674.225,94.3925,111.01,82.47,96.565,126.295,89.7925,87.32209821428572,11.508486731438362,15.49071086421296,0.7071067811865476,-0.7071067811865475,0.9749279121818236,-0.22252093395631434,36495.7,-1362.8250000000044,-10821.474999999999,0.5615811389671787,2266.2418783638254,25674.225,84.65324389962963,94.3925,hist_gradient_boosting_absolute_error,2025-12-31 09:00:00+01:00
2025-12-31 09:00:00+00:00,89.26249999999999,59672.350000000006,23995.6,5811.575000000001,6330.925,2025-12-31 10:00:00+01:00,2025-12-31,10,2,12,0,29807.175,36138.1,23534.250000000007,85.82,97.64500000000001,76.02250000000001,88.2125,124.535,89.83177083333334,87.39867559523809,11.526459977291792,15.498377957251979,0.49999999999999994,-0.8660254037844387,0.9749279121818236,-0.22252093395631434,32861.174999999996,-2139.9749999999913,-9326.924999999988,0.6056087953633466,3165.4624999999996,23534.250000000007,78.19807916133284,85.82,hist_gradient_boosting_absolute_error,2025-12-31 10:00:00+01:00
2025-12-31 10:00:00+00:00,83.48,60759.925,24004.6,5782.6,8005.075000000001,2025-12-31 11:00:00+01:00,2025-12-31,11,2,12,0,29787.199999999997,37792.274999999994,22967.65000000001,79.38,90.345,69.2875,88.3675,118.15,89.97520833333334,87.47748511904763,11.495744792058584,15.473826879628113,0.258819045102521,-0.9659258262890682,0.9749279121818236,-0.22252093395631434,30826.800000000003,-566.5999999999985,-7859.149999999994,0.6219934438694582,2071.8658674740636,22967.65000000001,76.84308913480677,79.38,hist_gradient_boosting_absolute_error,2025-12-31 11:00:00+01:00
2025-12-31 11:00:00+00:00,83.0475,60819.475,24395.925,5790.225,7942.225,2025-12-31 12:00:00+01:00,2025-12-31,12,2,12,0,30186.15,38128.375,22691.1,76.155,87.6575,68.5125,80.0225,111.895,90.14604166666668,87.56196428571428,11.361124191265555,15.412544761126018,1.2246467991473532e-16,-1.0,0.9749279121818236,-0.22252093395631434,29845.149999999994,-276.5500000000102,-7154.049999999996,0.626910623611927,9.726420424358089e-13,22691.1,75.75644334632126,76.155,hist_gradient_boosting_absolute_error,2025-12-31 12:00:00+01:00
2025-12-31 12:00:00+00:00,85.17,59941.95,25130.575,5743.95,6471.975,2025-12-31 13:00:00+01:00,2025-12-31,13,2,12,0,30874.525,37346.5,22595.449999999997,76.7575,88.52250000000001,67.9875,80.025,122.6575,90.43322916666666,87.64848214285715,11.075607537534934,15.345621442541496,-0.2588190451025208,-0.9659258262890683,0.9749279121818236,-0.22252093395631434,30466.35,-95.65000000000146,-7870.9000000000015,0.6230444621838296,-1675.0703894273872,22595.449999999997,75.62122117464499,76.7575,hist_gradient_boosting_absolute_error,2025-12-31 13:00:00+01:00
2025-12-31 13:00:00+00:00,85.17750000000001,58964.3,25579.325,5753.2,4064.2,2025-12-31 14:00:00+01:00,2025-12-31,14,2,12,0,31332.525,35396.725,23567.575000000004,88.9675,96.10249999999999,73.7575,86.6775,129.97,90.78375,87.75075892857143,10.752383254518058,15.270876269319986,-0.4999999999999998,-0.8660254037844388,0.9749279121818236,-0.22252093395631434,33836.375,972.1250000000073,-10268.799999999996,0.6003077285747477,-2032.099999999999,23567.575000000004,75.93221585860442,88.9675,hist_gradient_boosting_absolute_error,2025-12-31 14:00:00+01:00
2025-12-31 14:00:00+00:00,90.8325,58664.35,25579.7,5660.4,1587.025,2025-12-31 15:00:00+01:00,2025-12-31,15,2,12,0,31240.1,32827.125,25837.225,102.325,103.5075,83.0525,100.87,127.5025,90.62583333333333,87.81873511904762,10.807905562355456,15.233585971192726,-0.7071067811865471,-0.7071067811865479,0.9749279121818236,-0.22252093395631434,39362.225,2269.649999999994,-13525.0,0.5595753639135181,-1122.1961394125801,25837.225,82.97935434989908,102.325,hist_gradient_boosting_absolute_error,2025-12-31 15:00:00+01:00
2025-12-31 15:00:00+00:00,100.705,59282.2,25550.55,5535.625,166.65,2025-12-31 16:00:00+01:00,2025-12-31,16,2,12,0,31086.175,31252.825,28029.374999999996,109.1,108.655,87.9,110.8825,126.4975,90.14697916666667,87.86504464285716,10.517723963854943,15.230835239779694,-0.8660254037844384,-0.5000000000000004,0.9749279121818236,-0.22252093395631434,43185.950000000004,2192.149999999998,-15156.575000000008,0.5271873344781401,-144.32313354067665,28029.374999999996,85.8044788615586,109.1,hist_gradient_boosting_absolute_error,2025-12-31 16:00:00+01:00
2025-12-31 16:00:00+00:00,110.1,60982.95,25476.275,5439.45,0.0,2025-12-31 17:00:00+01:00,2025-12-31,17,2,12,0,30915.725000000002,30915.725000000002,30067.224999999995,110.715,107.0075,89.1325,113.7025,122.825,89.7971875,87.94126488095239,9.986156077950213,15.263017485715755,-0.9659258262890683,-0.25881904510252063,0.9749279121818236,-0.22252093395631434,43504.3,2037.8499999999985,-13437.075000000008,0.5069568625328883,-0.0,30067.224999999995,88.44482799830773,110.715,hist_gradient_boosting_absolute_error,2025-12-31 17:00:00+01:00
2025-12-31 17:00:00+00:00,107.5275,62021.4,25214.325,5410.675,0.0,2025-12-31 18:00:00+01:00,2025-12-31,18,2,12,0,30625.0,30625.0,31396.4,109.12,103.3075,78.9075,114.455,111.4,89.7715625,88.06607142857142,9.930781658786296,15.358245748390278,-1.0,-1.8369701987210297e-16,0.9749279121818236,-0.22252093395631434,43596.8,1329.1750000000065,-12200.400000000001,0.4937811787544299,-0.0,31396.4,89.75860546879039,109.12,hist_gradient_boosting_absolute_error,2025-12-31 18:00:00+01:00
2025-12-31 18:00:00+00:00,95.99000000000001,60858.5,25245.575,5430.025,0.0,2025-12-31 19:00:00+01:00,2025-12-31,19,2,12,0,30675.6,30675.6,30182.9,105.6075,95.14750000000001,71.77250000000001,109.33250000000001,97.505,89.70520833333335,88.23642857142856,9.800344656661801,15.41467458002497,-0.9659258262890684,0.2588190451025203,0.9749279121818236,-0.22252093395631434,42990.775,-1213.5,-12807.875,0.5040479144244435,-0.0,30182.9,86.40268995285231,105.6075,hist_gradient_boosting_absolute_error,2025-12-31 19:00:00+01:00
2025-12-31 19:00:00+00:00,86.8025,58151.024999999994,26135.925,5494.975,0.0,2025-12-31 20:00:00+01:00,2025-12-31,20,2,12,0,31630.9,31630.9,26520.124999999993,101.03999999999999,90.3725,68.1575,105.00999999999999,94.71000000000001,89.30447916666667,88.38058035714286,9.305998736758157,15.372968355555034,-0.8660254037844386,0.5000000000000001,0.9749279121818236,-0.22252093395631434,40621.55,-3662.7750000000087,-14101.42500000001,0.5439439803511633,-0.0,0.0,81.79141254188785,101.03999999999999,hist_gradient_boosting_absolute_error,2025-12-31 20:00:00+01:00
2025-12-31 20:00:00+00:00,79.7975,55475.725,27251.275,5359.1,0.0,2025-12-31 21:00:00+01:00,2025-12-31,21,2,12,0,32610.375,32610.375,22865.35,93.3225,83.245,67.9875,99.0275,94.7025,88.71124999999999,88.4915625,8.973217244514833,15.29319252074715,-0.7071067811865477,0.7071067811865474,0.9749279121818236,-0.22252093395631434,38204.299999999996,-3654.774999999994,-15338.949999999997,0.5878314343796318,-0.0,0.0,77.89257937021966,93.3225,hist_gradient_boosting_absolute_error,2025-12-31 21:00:00+01:00
2025-12-31 21:00:00+00:00,81.39,53186.7,27831.525,5389.075,0.0,2025-12-31 22:00:00+01:00,2025-12-31,22,2,12,0,33220.6,33220.6,19966.1,92.045,87.91499999999999,69.0075,98.2825,93.2175,88.14770833333334,88.56186011904762,9.094905045170309,15.225370822788564,-0.5000000000000004,0.8660254037844384,0.9749279121818236,-0.22252093395631434,35470.65,-2899.25,-15504.550000000003,0.6246035193008779,-0.0,0.0,72.04494054222087,92.045,hist_gradient_boosting_absolute_error,2025-12-31 22:00:00+01:00
2025-12-31 22:00:00+00:00,76.4475,50311.95,29194.45,5487.525,0.0,2025-12-31 23:00:00+01:00,2025-12-31,23,2,12,0,34681.975,34681.975,15629.974999999999,85.8075,83.3425,65.1625,88.44,85.0,87.70375,88.63556547619048,9.156240951909938,15.159973300496361,-0.25881904510252157,0.9659258262890681,0.9749279121818236,-0.22252093395631434,31480.425000000003,-4336.125,-15850.450000000004,0.6893387157524207,-0.0,0.0,61.791611025225784,85.8075,hist_gradient_boosting_absolute_error,2025-12-31 23:00:00+01:00
